url_path,views_total,views_unique
/EarthSciML/UrbanCanopy.jl/pull/16,39,2
/EarthSciML/UrbanCanopy.jl,33,3
/EarthSciML/UrbanCanopy.jl/pull/16/changes,30,2
/EarthSciML/UrbanCanopy.jl/pulls,29,2
/EarthSciML/UrbanCanopy.jl/actions/runs/22349068986,12,1
/EarthSciML/UrbanCanopy.jl/actions,11,1
/EarthSciML/UrbanCanopy.jl/actions/runs/22353174023/job/64685407327,11,1
/EarthSciML/UrbanCanopy.jl/actions/runs/22354583921/job/64690500263,8,1
/EarthSciML/UrbanCanopy.jl/actions/runs/22349068986/job/64671174792,7,1
/EarthSciML/UrbanCanopy.jl/actions/runs/22349304854/job/64671987427,7,1
